,agent,risk-mean,risk-std,risk-count,trav-mean,trav-std,req-mean,req-std
0,pomdp,0.005,0.07057780481969142,4,26.635,5.470757395745482,4.07125,2.4942835144211033
1,myopic,0.0,0.0,0,29.0,3.420837274641176,12.0,0.0
2,egostistical,0.4,0.56603931014178,288,26.265,6.216355753056665,0.0,0.0
