,agent,intervention,risk-ave,risk-var,risk-count,trav-ave,trav-var,req-ave,req-var
0,pomdp,intervention,0.01,0.07014042140491769,5,17.304,3.0411475323063515,8.836,3.2600022174580383
1,pomdp,no,0.01,0.07014042140491769,5,27.848,5.634882750728521,16.496,7.2106837289786485
2,myopic,intervention,0.05,0.15030090301053795,25,18.528,2.4464579756264,11.984,0.12572680269402645
3,myopic,no,0.056,0.1579995424730298,28,28.876,4.997652460954236,13.0,1.6032096321124047
4,egostistical,intervention,0.194,0.2822812975095849,87,26.868,6.43554511784786,0.0,0.0
5,egostistical,no,0.194,0.2822812975095849,87,26.868,6.43554511784786,0.0,0.0
