,agent,risk-low,risk-high,trav-mean,trav-std,req-mean,req-std,req-min,req-max,req-cnt,req-min,req-max
0,pomdp,0.0919047619047619,0.0,27.054285714285715,7.301438946218777,3.282857142857143,2.996741350507303,0,13,0.7438095238095238,0,3
1,myopic,0.0,0.0,28.345238095238095,5.900343671846916,10.0,0.0,10,10,2.0,2,2
2,egostistical,0.2,0.0,27.822857142857142,7.268684843265061,0.0,0.0,0,0,0.0,0,0
3,pomdp_wo_perf,0.09333333333333334,0.0,26.81904761904762,7.338388626903423,3.297142857142857,2.9474177664228542,0,10,0.7066666666666667,0,3
