,agent,risk-mean,risk-std,risk-count,trav-mean,trav-std,req-mean,req-std
0,pomdp,0.01,0.099560988786322,8,26.89125,5.194771939833702,4.92,3.562929705327679
1,myopic,0.0,0.0,0,29.0,3.420837274641176,12.0,0.0
2,egostistical,0.4,0.56603931014178,288,26.265,6.216355753056665,0.0,0.0
