,improve,trav_imp,req_imp,same,degrade
0,0.5976190476190476,0.03238095238095238,0.1661904761904762,0.07428571428571429,0.1295238095238095
